1-1 FWD,gcggcccgggttcgattcccggccgatgcatcgggcatggcggacttgaagttttagagctagaaatagcaag,DNA
1-1 REV,gaccacatgaagcagcacgatgcaccagccgggaatcgaaccc,DNA
1-2 FWD,tcgtgctgcttcatgtggtcgttttagagctagaaatagcaag,DNA
1-2 REV,aaggctacgtccaggagcgctgcaccagccgggaatcgaaccc,DNA
1-3 FWD,gcgctcctggacgtagccttgttttagagctagaaatagcaa,DNA
1-3 REV,gggtgtcgccctcgaacttctgcaccagccgggaatcgaaccc,DNA
1-4 FWD,gaagttcgagggcgacacccgttttagagctagaaatagcaag,DNA
1-4 REV,ccttgaagtcgatgcccttctgcaccagccgggaatcgaaccc,DNA
1-5 FWD,gaagggcatcgacttcaagggttttagagctagaaatagcaag,DNA
1-5 REV,attttaacttgctatttctagctctaaaacggagcgcaccatcttcttcatgcaccagccgggaatcgaaccc,DNA
