A1,1-1 FWD,gcggcccgggttcgattcccggccgatgcatcgggcatggcggacttgaagttttagagctagaaatagcaag
A2,1-1 REV,gaccacatgaagcagcacgatgcaccagccgggaatcgaaccc
A3,1-2 FWD,tcgtgctgcttcatgtggtcgttttagagctagaaatagcaag
A4,1-2 REV,aaggctacgtccaggagcgctgcaccagccgggaatcgaaccc
A5,1-3 FWD,gcgctcctggacgtagccttgttttagagctagaaatagcaa
A6,1-3 REV,gggtgtcgccctcgaacttctgcaccagccgggaatcgaaccc
A7,1-4 FWD,gaagttcgagggcgacacccgttttagagctagaaatagcaag
A8,1-4 REV,ccttgaagtcgatgcccttctgcaccagccgggaatcgaaccc
A9,1-5 FWD,gaagggcatcgacttcaagggttttagagctagaaatagcaag
A10,1-5 REV,attttaacttgctatttctagctctaaaacggagcgcaccatcttcttcatgcaccagccgggaatcgaaccc
A11,2-1 FWD,gcggcccgggttcgattcccggccgatgcacatgcccgaaggctacgtccgttttagagctagaaatagcaag
A12,2-1 REV,catgaagcagcacgacttcttgcaccagccgggaatcgaaccc
B1,2-2 FWD,agaagtcgtgctgcttcatggttttagagctagaaatagcaag
B2,2-2 REV,cgccgaggtgaagttcgaggtgcaccagccgggaatcgaaccc
B3,2-3 FWD,cctcgaacttcacctcggcggttttagagctagaaatagcaag
B4,2-3 REV,catcgagctgaagggcatcgtgcaccagccgggaatcgaaccc
B5,2-4 FWD,cgatgcccttcagctcgatggttttagagctagaaatagcaag
B6,2-4 REV,tcctccttgaagtcgatgcctgcaccagccgggaatcgaaccc
B7,2-5 FWD,ggcatcgacttcaaggaggagttttagagctagaaatagcaag
B8,2-5 REV,attttaacttgctatttctagctctaaaactcttcttcaaggacgacggctgcaccagccgggaatcgaaccc
B9,3-1 FWD,gcggcccgggttcgattcccggccgatgcaggagcgcaccatcttcttcagttttagagctagaaatagcaag
B10,3-1 REV,ccatgcccgaaggctacgtctgcaccagccgggaatcgaaccc
B11,3-2 FWD,gacgtagccttcgggcatgggttttagagctagaaatagcaag
B12,3-2 REV,aggtgaagttcgagggcgactgcaccagccgggaatcgaaccc
C1,3-3 FWD,gtcgccctcgaacttcacctgttttagagctagaaatagcaag
C2,3-3 REV,tcagctcgatgcggttcacctgcaccagccgggaatcgaaccc
C3,3-4 FWD,ggtgaaccgcatcgagctgagttttagagctagaaatagcaag
C4,3-4 REV,ggatgttgccgtcctccttgtgcaccagccgggaatcgaaccc
C5,3-5 FWD,caaggaggacggcaacatccgttttagagctagaaatagcaag
C6,3-5 REV,attttaacttgctatttctagctctaaaactcgtccttgaagaagatggttgcaccagccgggaatcgaaccc
C7,4-1 FWD,gcggcccgggttcgattcccggccgatgcacaactacaagacccgcgccggttttagagctagaaatagcaag
C8,4-1 REV,tgcccgaaggctacgtccagtgcaccagccgggaatcgaaccc
C9,4-2 FWD,ctggacgtagccttcgggcagttttagagctagaaatagcaag
C10,4-2 REV,ggtgaaccgcatcgagctgatgcaccagccgggaatcgaaccc
C11,4-3 FWD,tcagctcgatgcggttcaccgttttagagctagaaatagcaag
C12,4-3 REV,tgaagtcgatgcccttcagctgcaccagccgggaatcgaaccc
D1,4-4 FWD,gctgaagggcatcgacttcagttttagagctagaaatagcaag
D2,4-4 REV,aggatgttgccgtcctcctttgcaccagccgggaatcgaaccc
D3,4-5 FWD,aaggaggacggcaacatcctgttttagagctagaaatagcaag
D4,4-5 REV,attttaacttgctatttctagctctaaaaccgaacttcacctcggcgcggtgcaccagccgggaatcgaaccc
D5,12 FWD,tgaagaagatggtgcgctccgttttagagctagaaatagcaag
D6,12 REV,ggacgtagccttcgggcatgtgcaccagccgggaatcgaaccc
D7,2-1 FWD new,catgcccgaaggctacgtccgttttagagctagaaatagcaag
D8,23 FWD,gccgtcgtccttgaagaagagttttagagctagaaatagcaag
D9,23 REV,tgaagaagatggtgcgctcctgcaccagccgggaatcgaaccc
D10,3-1 FWD new,ggagcgcaccatcttcttcagttttagagctagaaatagcaag
D11,34 FWD,accatcttcttcaaggacgagttttagagctagaaatagcaag
D12,34 REV,cggcgcgggtcttgtagttgtgcaccagccgggaatcgaaccc
E1,4-1 FWD new,caactacaagacccgcgccggttttagagctagaaatagcaag
E2,15 FWD,TGCAcctcgaacttcacctcggcg
E3,15 REV,AAACcgccgaggtgaagttcgagg
E4,3 FWD,TGCAcgccctcgaacttcacctcggcg
E5,3 REV,AAACcgccgaggtgaagttcgagggcg